taxon_name,level_1,level_2,ecological_group
abies,Abies,Abies,TRSH
acacia,Acacia,Acacia,TRSH
acanthus,Acanthaceae,Acanthaceae,UPHE
acer,Acer,Acer,TRSH
aconitum_group,Aconitum,Aconitum,UPHE
actaea,Actaea,Actaea,UPHE
adonis,Adonis,Adonis,UPHE
adonis_aestivalis,Adonis,Adonis,UPHE
adonis_aestivalis_type,Adonis,Adonis,UPHE
adonis_type,Adonis,Adonis,UPHE
aellenia_type,Amaranthaceae/Chenopodiaceae,Amaranthaceae/Chenopodiaceae,UPHE
aesculus,Aesculus,Aesculus,UPHE
agrimonia,Agrimonia/Aremonia,Agrimonia/Aremonia,UPHE
alchemilla_minus_group,Alchemilla/Aphanes,Alchemilla/Aphanes,UPHE
alchemilla_type,Alchemilla/Aphanes,Alchemilla/Aphanes,UPHE
alhagi,Genista-type,Genista-type,TRSH
alisma,delete,delete,AQVP
allium,Liliaceae-type,Liliaceae-type,UPHE
allium_type,Liliaceae-type,Liliaceae-type,UPHE
allium_vineale_type,Liliaceae-type,Liliaceae-type,UPHE
alnus,Alnus,Alnus,TRSH
amaranthaceae,Amaranthaceae/Chenopodiaceae,Amaranthaceae/Chenopodiaceae,UPHE
amelanchier,Rosaceae (non-operculate),Rosaceae (non-operculate),TRSH
anagallis,Anagallis-type,Anagallis-type,UPHE
anagallis_type,Anagallis-type,Anagallis-type,UPHE
anchusa,Anchusa arvensis-type,Anchusa arvensis-type,UPHE
anchusa_pulmonaria,Boraginaceae,Boraginaceae,UPHE
anchusa_type,Boraginaceae,Boraginaceae,UPHE
androsace,Androsace,Androsace,UPHE
androsace_type,Androsace,Androsace,UPHE
anemone,Ranunculus-type,Ranunculus-type,UPHE
anemone_coronaria,Anemone coronaria,Anemone coronaria,UPHE
anisosciadium_type,Apiaceae,Apiaceae,UPHE
anthericum_type,Liliaceae-type,Liliaceae-type,UPHE
anthriscus_type,Apiaceae,Apiaceae,UPHE
antirrhinum_linaria,Scrophulariaceae (colporate-reticulate),Scrophulariaceae (colporate-reticulate),UPHE
apiaceae,Apiaceae,Apiaceae,UPHE
apium_type,Apiaceae,Apiaceae,UPHE
aquilegia_type,Caltha-type,Caltha-type,UPHE
araceae,Araceae,Araceae,UPHE
arboreal_pollen,delete,delete,delete
arbutus,Ericales (tetrads),Ericales (tetrads),TRSH
arceuthobium_oxycedri,Arceuthobium oxycedri,Arceuthobium oxycedri,TRSH
arctium_jurinea,Cynareae,Cynareae,UPHE
aristolochia,Aristolochiaceae,Aristolochiaceae,UPHE
armeria,Plumbaginaceae,Plumbaginaceae,UPHE
armeria_limonium,Plumbaginaceae,Plumbaginaceae,UPHE
artemisia,Artemisia,Artemisia,UPHE
artemisia_herba_minus_alba_type,Artemisia,Artemisia,UPHE
artemisia_vulgaris,Artemisia,Artemisia,UPHE
artemisia_vulgaris_type,Artemisia,Artemisia,UPHE
arum,Arum,Arum,UPHE
aruncus,Aruncus/Spiraea,Aruncus/Spiraea,UPHE
asparagus_type,Liliaceae-type,Liliaceae-type,UPHE
asperula_type,Rubiaceae,Rubiaceae,UPHE
asphodeline,Liliaceae-type,Liliaceae-type,UPHE
asphodelus,Liliaceae-type,Liliaceae-type,UPHE
asphodelus_albus_type,Liliaceae-type,Liliaceae-type,UPHE
asteraceae,Asteraceae,Asteraceae,UPHE
asteroideae,Compositae subfam. Asteroideae,Compositae subfam. Asteroideae,UPHE
astragalus_type,Astragalus-type,Astragalus-type,UPHE
atractylis_type,Compositae subfam. Asteroideae,Compositae subfam. Asteroideae,UPHE
atraphaxis,Atraphaxis,Atraphaxis,TRSH
atraphaxis_type,Atraphaxis,Atraphaxis,TRSH
atriplex_type,Amaranthaceae/Chenopodiaceae,Amaranthaceae/Chenopodiaceae,UPHE
atropa,Atropa-type,Atropa-type,UPHE
ballota_type,Galeopsis/Ballota-type,Galeopsis/Ballota-type,UPHE
bellis_type,Compositae subfam. Asteroideae,Compositae subfam. Asteroideae,UPHE
berberidaceae,Berberidaceae,Berberidaceae,TRSH
berberis,Berberidaceae,Berberidaceae,TRSH
beta,Amaranthaceae/Chenopodiaceae,Amaranthaceae/Chenopodiaceae,UPHE
beta_type,Amaranthaceae/Chenopodiaceae,Amaranthaceae/Chenopodiaceae,UPHE
betula,Betula,Betula,TRSH
bidens_type,Compositae subfam. Asteroideae,Compositae subfam. Asteroideae,UPHE
bilderdykia_convolvulus_type,Polygonum-type (tricolporate),Polygonum-type (tricolporate),UPHE
bistorta_amplexicaulis,Polygonum-type (tricolporate),Polygonum-type (tricolporate),UPHE
bistorta_officinalis_type,Polygonum-type (tricolporate),Polygonum-type (tricolporate),UPHE
blackstonia_type,Gentianaceae,Gentianaceae,UPHE
bongardia,Bongardia,Bongardia,UPHE
boraginaceae,Boraginaceae,Boraginaceae,UPHE
botrychium,delete,delete,VACR
brassica_type,Brassicaceae,Brassicaceae,UPHE
brassicaceae,Brassicaceae,Brassicaceae,UPHE
bryonia,Bryonia,Bryonia,UPHE
bryonia_type,Bryonia,Bryonia,UPHE
bunium_type,Apiaceae,Apiaceae,UPHE
bupleurum_type,Apiaceae,Apiaceae,UPHE
butomus_umbellatus,delete,delete,AQVP
buxus,Buxus,Buxus,TRSH
cachrys_type,Apiaceae,Apiaceae,UPHE
calendula,Compositae subfam. Asteroideae,Compositae subfam. Asteroideae,UPHE
calligonum,Calligonum-type,Calligonum-type,TRSH
calligonum_pteropyrum,Calligonum-type,Calligonum-type,TRSH
calligonum_pteropyrum_type,Calligonum-type,Calligonum-type,TRSH
calluna,Ericales (tetrads),Ericales (tetrads),TRSH
calluna_type,Ericales (tetrads),Ericales (tetrads),TRSH
caltha_type,Caltha-type,Caltha-type,UPHE
calystegia,Calystegia,Calystegia,UPHE
campanula_type,Campanulaceae,Campanulaceae,UPHE
campanulaceae,Campanulaceae,Campanulaceae,UPHE
cannabaceae,Cannabis/Humulus,Cannabis/Humulus,TRSH
cannabis,Cannabis/Humulus,Cannabis/Humulus,UPHE
cannabis_humulus,Cannabis/Humulus,Cannabis/Humulus,UPHE
capparaceae,Capparidaceae,Capparidaceae,UPHE
capparis,Capparis,Capparis,TRSH
caprifoliaceae_subf_dipsacoideae,Dipsacaceae,Dipsacaceae,TRSH
caprifoliaceae_subf_dipsacoideae_undiff,Dipsacaceae,Dipsacaceae,TRSH
capsella_type,Brassicaceae,Brassicaceae,UPHE
carduus_type,Cynareae,Cynareae,UPHE
carpinus,Carpinus betulus,Carpinus betulus,TRSH
carpinus_betulus,Carpinus betulus,Carpinus betulus,TRSH
carpinus_betulus_ostrya_type,Carpinus betulus,Carpinus betulus,TRSH
carpinus_betulus_type,Carpinus betulus,Carpinus betulus,TRSH
carpinus_orientalis,Ostrya/Carpinus orientalis,Ostrya/Carpinus orientalis,TRSH
carthamus,Cynareae,Cynareae,UPHE
carthamus_type,Cynareae,Cynareae,UPHE
carya,Carya,Carya,TRSH
caryophyllaceae,Caryophyllaceae (periporate excl. Paronychioideae),Caryophyllaceae (periporate excl. Paronychioideae),UPHE
castanea,Castanea sativa,Castanea sativa,TRSH
casuarina,Casuarina,Casuarina,TRSH
cedrus,Cedrus,Cedrus,TRSH
celtis,Celtis,Celtis,TRSH
centaurea,Centaurea,Centaurea,UPHE
centaurea_cyanus,Centaurea cyanus-type,Centaurea cyanus-type,UPHE
centaurea_cyanus_type,Centaurea cyanus-type,Centaurea cyanus-type,UPHE
centaurea_jacea,Centaurea nigra-type,Centaurea nigra-type,UPHE
centaurea_jacea_type,Centaurea nigra-type,Centaurea nigra-type,UPHE
centaurea_nigra_type,Centaurea nigra-type,Centaurea nigra-type,UPHE
centaurea_scabiosa_type,Centaurea scabiosa-type,Centaurea scabiosa-type,UPHE
centaurea_solstitialis_type,Centaurea nigra-type,Centaurea nigra-type,UPHE
centaurium_type,Gentianaceae,Gentianaceae,UPHE
centranthus,Valerianaceae,Valerianaceae,UPHE
cephalaria,Dipsacaceae,Dipsacaceae,UPHE
cerastium_type,Caryophyllaceae (periporate excl. Paronychioideae),Caryophyllaceae (periporate excl. Paronychioideae),UPHE
ceratocephalus,Ranunculus-type,Ranunculus-type,UPHE
ceratocephalus_type,Ranunculus-type,Ranunculus-type,UPHE
ceratonia,Ceratonia siliqua,Ceratonia siliqua,TRSH
ceratonia_siliqua,Ceratonia siliqua,Ceratonia siliqua,TRSH
cercis_siliquastrum,Cercis siliquastrum,Cercis siliquastrum,TRSH
cerealia_type,Poaceae,Poaceae,UPHE
cerinthe_type,Boraginaceae,Boraginaceae,UPHE
cf_abies,cf. Abies,cf. Abies,TRSH
cf_acantholimon,Plumbaginaceae,Plumbaginaceae,UPHE
cf_aconitum,delete,delete,delete
cf_adonis,delete,delete,delete
cf_astragalus_type,delete,delete,delete
cf_carya,delete,delete,delete
cf_caucalis,Apiaceae,Apiaceae,UPHE
cf_cruciferae,delete,delete,delete
cf_isoetes,delete,delete,delete
cf_loranthaceae,delete,delete,delete
cf_papaveraceae,delete,delete,delete
cf_phillyrea,delete,delete,delete
cf_plantago,delete,delete,delete
cf_populus,delete,delete,delete
cf_prosopis,delete,delete,delete
cf_pterocarya_fraxinifolia,delete,delete,delete
cf_ranunculaceae,delete,delete,delete
cf_rhus,delete,delete,delete
cf_thymelaeaceae,delete,delete,delete
chardinia,Cynareae,Cynareae,UPHE
chardinia_onopordum,Cynareae,Cynareae,UPHE
cheilanthes,delete,delete,VACR
chelidonium,Chelidonium majus,Chelidonium majus,UPHE
chenopodiaceae,Amaranthaceae/Chenopodiaceae,Amaranthaceae/Chenopodiaceae,UPHE
chenopodium_thalictrum,Amaranthaceae/Chenopodiaceae,Amaranthaceae/Chenopodiaceae,UPHE
chrozophora,Chrozophora-type,Chrozophora-type,UPHE
chrozophora_tinctoria,Euphorbiaceae,Euphorbiaceae,UPHE
chrysosplenium,Chrysosplenium,Chrysosplenium,UPHE
cichorioideae,Compositae subfam. Cichorioideae,Compositae subfam. Cichorioideae,UPHE
cichorium,Compositae subfam. Cichorioideae,Compositae subfam. Cichorioideae,UPHE
cirsium_gundelia,Cynareae,Cynareae,UPHE
cirsium_type,Cynareae,Cynareae,UPHE
cistus,Cistus,Cistus,TRSH
cistus_type,Cistus,Cistus,TRSH
cladium_mariscus,delete,delete,AQVP
clematis_type,Ranunculus-type,Ranunculus-type,UPHE
cnicus,Cynareae,Cynareae,UPHE
colchicum,Liliaceae-type,Liliaceae-type,UPHE
colchicum_merendera,Liliaceae-type,Liliaceae-type,UPHE
colutea,Astragalus-type,Astragalus-type,TRSH
combretaceae,Combretaceae,Combretaceae,TRSH
commiphora,Commiphora,Commiphora,TRSH
consolida,Consolida-type,Consolida-type,UPHE
convolvulaceae,Convolvulus,Convolvulus,UPHE
convolvulus,Convolvulus,Convolvulus,UPHE
convolvulus_arvensis_type,Convolvulus,Convolvulus,UPHE
coris,Coris,Coris,UPHE
cornus,Cornus,Cornus,TRSH
cornus_mas,Cornus,Cornus,TRSH
corylus,Corylus/Myrica,Corylus/Myrica,TRSH
cotinus,Rhus/Cotinus,Rhus/Cotinus,TRSH
cotinus_coggygria,Rhus/Cotinus,Rhus/Cotinus,TRSH
cotoneaster,Rosaceae (non-operculate),Rosaceae (non-operculate),TRSH
cousinia,Cynareae,Cynareae,UPHE
crassulaceae,Crassulaceae,Crassulaceae,UPHE
crataegus,Rosaceae (non-operculate),Rosaceae (non-operculate),TRSH
crataegus_type,Rosaceae (non-operculate),Rosaceae (non-operculate),TRSH
crepis_type,Compositae subfam. Cichorioideae,Compositae subfam. Cichorioideae,UPHE
cruciferae,Brassicaceae,Brassicaceae,UPHE
crupina,Cynareae,Cynareae,UPHE
cryptogramma_crispa,delete,delete,VACR
cucumis,Cucumis,Cucumis,UPHE
cucumis_melo,Cucumis,Cucumis,UPHE
cucurbitaceae,Cucurbitaceae,Cucurbitaceae,UPHE
cupressaceae,Juniperus-type,Juniperus-type,TRSH
cuscuta,Cuscuta,Cuscuta,UPHE
cyclamen,Cyclamen,Cyclamen,UPHE
cynoglossum,Cynoglossum-type,Cynoglossum-type,UPHE
cynoglossum_type,Cynoglossum-type,Cynoglossum-type,UPHE
cyperaceae,Cyperaceae,Cyperaceae,UPHE
cytisus,Genista-group,Genista-group,TRSH
daphne,Thymelaeaceae,Thymelaeaceae,TRSH
daphne_type,Thymelaeaceae,Thymelaeaceae,TRSH
datisca,Datisca cannabina,Datisca cannabina,UPHE
datisca_cannabina,Datisca cannabina,Datisca cannabina,UPHE
datura,Datura,Datura,UPHE
delphinium_type,Consolida-type,Consolida-type,UPHE
descurainia,Brassicaceae,Brassicaceae,UPHE
digitalis,Scrophulariaceae (colporate-reticulate),Scrophulariaceae (colporate-reticulate),UPHE
dinoflagellata,delete,delete,NA
dipsacaceae,Dipsacaceae,Dipsacaceae,UPHE
dipsacus_cephalaria,Dipsacaceae,Dipsacaceae,UPHE
dipsacus_type,Dipsacaceae,Dipsacaceae,UPHE
dodonaea,Dodonaea,Dodonaea,TRSH
doronicum_type,Compositae subfam. Asteroideae,Compositae subfam. Asteroideae,UPHE
dryopteris_type,delete,delete,VACR
echinops,Cynareae,Cynareae,UPHE
echium,Echium/Onosma,Echium/Onosma,UPHE
echium_type,Echium/Onosma,Echium/Onosma,UPHE
elaeagnus,Elaeagnus,Elaeagnus,TRSH
elatine,delete,delete,AQVP
ephedra,Ephedra,Ephedra,TRSH
ephedra_distachya_type,Ephedra,Ephedra,TRSH
ephedra_fragilis_type,Ephedra,Ephedra,TRSH
ephedra_intermedia_type,Ephedra,Ephedra,TRSH
ephedra_major_type,Ephedra,Ephedra,TRSH
epilobium,Onagraceae,Onagraceae,UPHE
epipactis,Orchidaceae,Orchidaceae,UPHE
equisetum,delete,delete,VACR
eremurus,Liliaceae-type,Liliaceae-type,UPHE
ericaceae,Ericales (tetrads),Ericales (tetrads),TRSH
erodium,Erodium,Erodium,UPHE
eryngium_type,Apiaceae,Apiaceae,UPHE
eucalyptus,Myrtaceae,Myrtaceae,TRSH
euonymus,Euonymus,Euonymus,TRSH
euphorbia,Euphorbiaceae,Euphorbiaceae,UPHE
euphorbiaceae,Euphorbiaceae,Euphorbiaceae,UPHE
euphrasia_type,Rhinanthus-group,Rhinanthus-group,UPHE
evax,Compositae subfam. Asteroideae,Compositae subfam. Asteroideae,UPHE
fabaceae,Fabaceae,Fabaceae,UPHE
faboideae,Fabaceae,Fabaceae,UPHE
fagopyrum,Fagopyrum,Fagopyrum,UPHE
fagus,Fagus,Fagus,TRSH
fallopia_convolvulus_type,Polygonum-type (tricolporate),Polygonum-type (tricolporate),UPHE
ferula_type,Apiaceae,Apiaceae,UPHE
filago_type,Compositae subfam. Asteroideae,Compositae subfam. Asteroideae,UPHE
filipendula,Filipendula,Filipendula,UPHE
fontanesia_phillyreoides,Fontanesia philliraeoides,Fontanesia philliraeoides,UPHE
frangula,Rhamnaceae,Rhamnaceae,TRSH
frankenia,Frankenia,Frankenia,TRSH
frankenia_hirsuta_type,Frankenia,Frankenia,TRSH
fraxinus,Fraxinus,Fraxinus,TRSH
fraxinus_excelsior,Fraxinus,Fraxinus,TRSH
fraxinus_excelsior_type,Fraxinus,Fraxinus,TRSH
fraxinus_ornus,Fraxinus,Fraxinus,TRSH
fumana,Fumana,Fumana,TRSH
fumaria,Fumaria,Fumaria,UPHE
fumaria_type,Fumaria,Fumaria,UPHE
gagea_type,Liliaceae-type,Liliaceae-type,UPHE
galium_type,Rubiaceae,Rubiaceae,UPHE
genista,Genista-group,Genista-group,TRSH
genista_minus_group,Genista-group,Genista-group,TRSH
genista_type,Genista-group,Genista-group,TRSH
gentiana,Gentianaceae,Gentianaceae,UPHE
gentiana_nivalis_type,Gentianaceae,Gentianaceae,UPHE
gentiana_olivieri_type,Gentianaceae,Gentianaceae,UPHE
gentiana_purpurea,Gentianaceae,Gentianaceae,UPHE
gentiana_vernalis_type,Gentianaceae,Gentianaceae,UPHE
gentianaceae,Gentianaceae,Gentianaceae,UPHE
gentianella_tenella,Gentianaceae,Gentianaceae,UPHE
geranium,Geraniaceae,Geraniaceae,UPHE
geum,Geum-type,Geum-type,UPHE
geum_type,Geum-type,Geum-type,UPHE
glaucium,Glaucium,Glaucium,UPHE
glaux,Anagallis-type,Anagallis-type,UPHE
glyceria_type,Poaceae,Poaceae,UPHE
gossypium,Malvaceae,Malvaceae,TRSH
gramineae,Poaceae,Poaceae,UPHE
gundelia_type,Compositae subfam. Cichorioideae,Compositae subfam. Cichorioideae,UPHE
gypsophila,Caryophyllaceae (periporate excl. Paronychioideae),Caryophyllaceae (periporate excl. Paronychioideae),UPHE
gypsophila_type,Caryophyllaceae (periporate excl. Paronychioideae),Caryophyllaceae (periporate excl. Paronychioideae),UPHE
halogeton,Amaranthaceae/Chenopodiaceae,Amaranthaceae/Chenopodiaceae,UPHE
halothamnus_type,Amaranthaceae/Chenopodiaceae,Amaranthaceae/Chenopodiaceae,UPHE
hammada_type,Amaranthaceae/Chenopodiaceae,Amaranthaceae/Chenopodiaceae,UPHE
haplophyllum,Haplophyllum,Haplophyllum,UPHE
hedera,Hedera,Hedera,TRSH
hedysarum,Onobrychis-type,Onobrychis-type,UPHE
hedysarum_ebenus,Onobrychis-type,Onobrychis-type,UPHE
helianthemum,Helianthemum,Helianthemum,UPHE
heliotropium,Heliotropium,Heliotropium,UPHE
heliotropium_type,Heliotropium,Heliotropium,UPHE
helleborus,Helleborus,Helleborus,UPHE
heracleum_type,Apiaceae,Apiaceae,UPHE
herniaria_type,Caryophyllaceae subfam. Paronychioideae,Caryophyllaceae subfam. Paronychioideae,UPHE
hippocrepis,Coronilla-type,Coronilla-type,UPHE
hippocrepis_type,Coronilla-type,Coronilla-type,UPHE
hippophae,Hippophae rhamnoides,Hippophae rhamnoides,TRSH
hippophae_rhamnoides,Hippophae rhamnoides,Hippophae rhamnoides,TRSH
hippuris,delete,delete,AQVP
hordeum_triticum,Poaceae,Poaceae,UPHE
hordeum_type,Poaceae,Poaceae,UPHE
humulus_cannabis,Cannabis/Humulus,Cannabis/Humulus,UPHE
hydrocharis,delete,delete,AQVP
hydrocotyle_type,delete,delete,AQVP
hyoscyamus,Hyoscyamus,Hyoscyamus,UPHE
hypericum,Hypericum,Hypericum,UPHE
hypericum_assyrianum_type,Hypericum,Hypericum,UPHE
hypericum_hirtellum_var_assyriacum_type,Hypericum,Hypericum,UPHE
hypericum_perforatum_type,Hypericum,Hypericum,UPHE
ilex,Ilex,Ilex,TRSH
indeterminable_unknown,delete,delete,delete
inula,Compositae subfam. Asteroideae,Compositae subfam. Asteroideae,UPHE
inula_type,Compositae subfam. Asteroideae,Compositae subfam. Asteroideae,UPHE
iris,Liliaceae-type,Liliaceae-type,UPHE
isoetes,delete,delete,AQVP
jasione_type,Campanulaceae,Campanulaceae,UPHE
juglans,Juglans,Juglans,TRSH
juglans_regia,Juglans,Juglans,TRSH
juncus_luzula,Juncaceae,Juncaceae,UPHE
juniperus,Juniperus-type,Juniperus-type,TRSH
juniperus_sabina,Juniperus-type,Juniperus-type,TRSH
juniperus_type,Juniperus-type,Juniperus-type,TRSH
jurinea_type,Cynareae,Cynareae,UPHE
knautia,Dipsacaceae,Dipsacaceae,UPHE
knautia_type,Dipsacaceae,Dipsacaceae,UPHE
labiatae,Lamiaceae,Lamiaceae,UPHE
lamiaceae,Lamiaceae,Lamiaceae,UPHE
lamium_album_type,Lamium album-type,Lamium album-type,UPHE
lappula,Boraginaceae,Boraginaceae,UPHE
larix,Larix/Pseudotsuga,Larix/Pseudotsuga,TRSH
lathyrus_type,Lathyrus/Vicia-type,Lathyrus/Vicia-type,UPHE
laurus,Laurus,Laurus,TRSH
legousia_type,Campanulaceae,Campanulaceae,UPHE
leguminosae,Fabaceae,Fabaceae,UPHE
lemna,delete,delete,AQVP
lemnaceae,delete,delete,AQVP
leontice_leontopetalum,Leontice,Leontice,UPHE
leontice_type,Leontice,Leontice,UPHE
liguliflorae,Compositae subfam. Cichorioideae,Compositae subfam. Cichorioideae,UPHE
ligustrum,Ligustrum-type,Ligustrum-type,TRSH
ligustrum_type,Ligustrum-type,Ligustrum-type,TRSH
liliaceae,Liliaceae-type,Liliaceae-type,UPHE
liliaceae_undiff,Liliaceae-type,Liliaceae-type,UPHE
lilium,Liliaceae-type,Liliaceae-type,UPHE
limonium_type,Plumbaginaceae,Plumbaginaceae,UPHE
linaria,Scrophulariaceae (colporate-reticulate),Scrophulariaceae (colporate-reticulate),UPHE
linaria_type,Scrophulariaceae (colporate-reticulate),Scrophulariaceae (colporate-reticulate),UPHE
linum,Linum,Linum,UPHE
liquidambar,Liquidambar,Liquidambar,TRSH
lithospermum_arvense,Boraginaceae,Boraginaceae,UPHE
lithospermum_type,Boraginaceae,Boraginaceae,UPHE
lobelia,Lobelia,Lobelia,UPHE
lomelosia_olivieri,Dipsacaceae,Dipsacaceae,UPHE
lomelosia_palaestina,Dipsacaceae,Dipsacaceae,UPHE
lomelosia_rotata_type,Dipsacaceae,Dipsacaceae,UPHE
lonicera,Lonicera,Lonicera,TRSH
loranthus,Loranthus europaeus,Loranthus europaeus,TRSH
loranthus_europaeus,Loranthus europaeus,Loranthus europaeus,TRSH
lotus_type,Lotus-type,Lotus-type,UPHE
lychnis_type,Caryophyllaceae (periporate excl. Paronychioideae),Caryophyllaceae (periporate excl. Paronychioideae),UPHE
lycium_type,Lycium,Lycium,TRSH
lycopodiella_type,delete,delete,VACR
lycopodium,delete,delete,VACR
lysimachia,Anagallis-type,Anagallis-type,UPHE
lythrum,Lythrum,Lythrum,UPHE
lythrum_portula,Lythrum,Lythrum,UPHE
maianthemum,Liliaceae-type,Liliaceae-type,UPHE
maianthemum_type,Liliaceae-type,Liliaceae-type,UPHE
malabaila,Apiaceae,Apiaceae,UPHE
malcolmia,Brassicaceae,Brassicaceae,UPHE
malus_type,Rosaceae (non-operculate),Rosaceae (non-operculate),TRSH
malva,Malvaceae,Malvaceae,UPHE
malvaceae,Malvaceae,Malvaceae,UPHE
marrubium,Marrubium,Marrubium,UPHE
matricaria_type,Compositae subfam. Asteroideae,Compositae subfam. Asteroideae,UPHE
matthiola,Brassicaceae,Brassicaceae,UPHE
medicago,Medicago sativa-type,Medicago sativa-type,UPHE
melampyrum,Melampyrum,Melampyrum,UPHE
melilotus,Astragalus-type,Astragalus-type,UPHE
mentha_type,Labiatae (6),Labiatae (6),UPHE
menyanthes_trifoliata,delete,delete,AQVP
mercurialis,Mercurialis,Mercurialis,UPHE
mercurialis_annua,Mercurialis,Mercurialis,UPHE
mercurialis_perennis,Mercurialis,Mercurialis,UPHE
moltkiopsis_type,Moltkiopsis-type,Moltkiopsis-type,UPHE
morus,Urticaceae/Moraceae,Urticaceae/Moraceae,TRSH
muscari,Liliaceae-type,Liliaceae-type,UPHE
muscari_type,Liliaceae-type,Liliaceae-type,UPHE
myosotis_type,Myosotis-type,Myosotis-type,UPHE
myrica,Corylus/Myrica,Corylus/Myrica,TRSH
myricaria_germanica,Myricaria germanica,Myricaria germanica,TRSH
myriophyllum,delete,delete,AQVP
myriophyllum_spicatum_verticillatum,delete,delete,AQVP
myrtaceae,Myrtaceae,Myrtaceae,TRSH
myrtus,Myrtaceae,Myrtaceae,TRSH
narthecium_type,Liliaceae-type,Liliaceae-type,UPHE
nepeta,Labiatae (6),Labiatae (6),UPHE
nerium,Nerium oleander,Nerium oleander,TRSH
nigella,Nigella,Nigella,UPHE
nitraria,Nitraria,Nitraria,TRSH
noaea_type,Amaranthaceae/Chenopodiaceae,Amaranthaceae/Chenopodiaceae,UPHE
non_arboreal_pollen,delete,delete,delete
nonea,Boraginaceae,Boraginaceae,UPHE
nuphar,delete,delete,AQVP
nymphaea,delete,delete,AQVP
oenothera,Onagraceae,Onagraceae,UPHE
olea,Olea europaea,Olea europaea,TRSH
olea_europaea,Olea europaea,Olea europaea,TRSH
olea_type,Olea europaea,Olea europaea,TRSH
oleaceae,Oleaceae,Oleaceae,TRSH
onobrychis_type,Onobrychis-type,Onobrychis-type,UPHE
ononis_type,Astragalus-type,Astragalus-type,UPHE
onopordum_type,Cynareae,Cynareae,UPHE
onosma_type,Echium/Onosma,Echium/Onosma,UPHE
ophioglossum,delete,delete,VACR
ornithogalum_type,Liliaceae-type,Liliaceae-type,UPHE
orobanche,Rhinanthus-group,Rhinanthus-group,UPHE
osmunda_regalis,delete,delete,VACR
ostrya,Ostrya/Carpinus orientalis,Ostrya/Carpinus orientalis,TRSH
ostrya_carpinus_orientalis,Ostrya/Carpinus orientalis,Ostrya/Carpinus orientalis,TRSH
ostrya_carpinus_type,Ostrya/Carpinus orientalis,Ostrya/Carpinus orientalis,TRSH
ostrya_type,Ostrya/Carpinus orientalis,Ostrya/Carpinus orientalis,TRSH
oxalis,Oxalis,Oxalis,UPHE
paliurus,Rhamnaceae,Rhamnaceae,TRSH
papaver,Papaver,Papaver,UPHE
papaver_argemone,Roemeria-type,Roemeria-type,UPHE
papaver_rhoeas_type,Papaver,Papaver,UPHE
papaver_type,Papaver,Papaver,UPHE
papaveraceae,Papaver,Papaver,UPHE
parnassia_palustris,Parnassia palustris,Parnassia palustris,UPHE
paronychia_type,Caryophyllaceae subfam. Paronychioideae,Caryophyllaceae subfam. Paronychioideae,UPHE
pediastrum,delete,delete,delete
pedicularis,Pedicularis,Pedicularis,UPHE
peganum,Peganum,Peganum,UPHE
periploca,Periploca,Periploca,TRSH
persicaria_amphibia,delete,delete,AQVP
persicaria_amphibia_type,delete,delete,AQVP
persicaria_maculosa_type,Persicaria maculosa,Persicaria maculosa,UPHE
phacelia,Phacelia,Phacelia,UPHE
phaseolus,Phaseolus,Phaseolus,UPHE
phillyrea,Phillyrea,Phillyrea,TRSH
phillyrea_angustifolia,Phillyrea,Phillyrea,TRSH
phillyrea_latifolia,Phillyrea,Phillyrea,TRSH
phlomis,Galeopsis/Ballota-type,Galeopsis/Ballota-type,UPHE
phoenix,Phoenix,Phoenix,PALM
phyllitis,delete,delete,VACR
phyteuma_type,Campanulaceae,Campanulaceae,UPHE
picea,Picea,Picea,TRSH
pimpinella_type,Apiaceae,Apiaceae,UPHE
pinaceae,Pinaceae undifferentiated,Pinaceae undifferentiated,TRSH
pinguicula,Pinguicula,Pinguicula,UPHE
pinus,Pinus,Pinus,TRSH
pistacia,Pistacia,Pistacia,TRSH
plantaginaceae,Plantaginaceae,Plantaginaceae,UPHE
plantaginaceae_undiff,Plantaginaceae,Plantaginaceae,UPHE
plantago,Plantago,Plantago,UPHE
plantago_arenaria,Plantago,Plantago,UPHE
plantago_cf_p_crassifolia,Plantago,Plantago,UPHE
plantago_coronopus,Plantago,Plantago,UPHE
plantago_coronopus_type,Plantago,Plantago,UPHE
plantago_cylindrica_type,Plantago,Plantago,UPHE
plantago_lanceolata,Plantago,Plantago,UPHE
plantago_lanceolata_type,Plantago,Plantago,UPHE
plantago_major,Plantago,Plantago,UPHE
plantago_major_media,Plantago,Plantago,UPHE
plantago_major_p_media_type,Plantago,Plantago,UPHE
plantago_major_type,Plantago,Plantago,UPHE
plantago_maritima_type,Plantago,Plantago,UPHE
plantago_media_type,Plantago,Plantago,UPHE
plantago_ovata_type,Plantago,Plantago,UPHE
plantago_tenuiflora_type,Plantago,Plantago,UPHE
plantago_undiff,Plantago,Plantago,UPHE
platanus,Platanus,Platanus,TRSH
platanus_orientalis,Platanus,Platanus,TRSH
plumbaginaceae,Plumbaginaceae,Plumbaginaceae,UPHE
poaceae,Poaceae,Poaceae,UPHE
poaceae_bigger_than_37_mu_m,Poaceae,Poaceae,UPHE
poaceae_cerealia,Poaceae,Poaceae,UPHE
poaceae_cerealia_type,Poaceae,Poaceae,UPHE
podocarpus,Podocarpus,Podocarpus,TRSH
pollen_destroyed,delete,delete,delete
pollen_immature,delete,delete,delete
pollen_total,delete,delete,delete
polycnemum,Caryophyllaceae,Caryophyllaceae,UPHE
polygonaceae,Polygonaceae,Polygonaceae,UPHE
polygonum,Polygonum-type (tricolporate),Polygonum-type (tricolporate),UPHE
polygonum_amphibium,delete,delete,AQVP
polygonum_aviculare_bistorta_officinalis,Polygonum-type (tricolporate),Polygonum-type (tricolporate),UPHE
polygonum_aviculare_type,Polygonum-type (tricolporate),Polygonum-type (tricolporate),UPHE
polygonum_cognatum_type,Polygonum-type (tricolporate),Polygonum-type (tricolporate),UPHE
polygonum_persicaria_type,Polygonum persicaria-type,Polygonum persicaria-type,UPHE
polygonum_sensu_lato_undiff,Polygonum-type (tricolporate),Polygonum-type (tricolporate),UPHE
polypodiaceae,delete,delete,VACR
polypodium,delete,delete,VACR
populus,Populus,Populus,TRSH
potamogeton,delete,delete,AQVP
potentilla,Rosaceae (operculate),Rosaceae (operculate),UPHE
potentilla_micrantha_type,Rosaceae (operculate),Rosaceae (operculate),UPHE
potentilla_type,Rosaceae (operculate),Rosaceae (operculate),UPHE
poterium_sanguisorba,Sanguisorba-type,Sanguisorba-type,UPHE
primula,Primula,Primula,UPHE
primulaceae,Primulaceae,Primulaceae,UPHE
prosopis,Prosopis,Prosopis,TRSH
prunella_type,Labiatae (6),Labiatae (6),UPHE
prunus_type,Rosaceae (non-operculate),Rosaceae (non-operculate),TRSH
psoralea,Psoralea bituminosa,Psoralea bituminosa,UPHE
psylliostachys,Plumbaginaceae,Plumbaginaceae,UPHE
psylliostachys_spicata,Plumbaginaceae,Plumbaginaceae,UPHE
psylliostachys_spicata_type,Plumbaginaceae,Plumbaginaceae,UPHE
pteridium,delete,delete,VACR
pterocarya,Pterocarya,Pterocarya,TRSH
pterocephalus_type,Dipsacaceae,Dipsacaceae,UPHE
pteropyrum,Calligonum-type,Calligonum-type,UPHE
pteropyrum_type,Calligonum-type,Calligonum-type,UPHE
punica,Punica granatum,Punica granatum,TRSH
punica_granatum,Punica granatum,Punica granatum,TRSH
quercus,Quercus,Quercus,TRSH
quercus_calliprinos_type,Quercus,Quercus,TRSH
quercus_cerris_type,Quercus,Quercus,TRSH
quercus_coccifera_type,Quercus,Quercus,TRSH
quercus_deciduous,Quercus,Quercus,TRSH
quercus_evergreen,Quercus,Quercus,TRSH
quercus_ilex,Quercus,Quercus,TRSH
quercus_ilex_type,Quercus,Quercus,TRSH
quercus_indeterminata,Quercus,Quercus,TRSH
quercus_ithaburensis_type,Quercus,Quercus,TRSH
quercus_robur_type,Quercus,Quercus,TRSH
quercus_suber_type,Quercus,Quercus,TRSH
ranunculaceae,Ranunculaceae,Ranunculaceae,UPHE
ranunculus,Ranunculus-type,Ranunculus-type,UPHE
ranunculus_acris,Ranunculus-type,Ranunculus-type,UPHE
ranunculus_acris_type,Ranunculus-type,Ranunculus-type,UPHE
ranunculus_arvensis,Ranunculus arvensis-type,Ranunculus arvensis-type,UPHE
ranunculus_arvensis_type,Ranunculus arvensis-type,Ranunculus arvensis-type,UPHE
ranunculus_asiaticus_type,Ranunculus-type,Ranunculus-type,UPHE
ranunculus_lanuginosus_type,Ranunculus-type,Ranunculus-type,UPHE
ranunculus_muricatus_type,Ranunculus-type,Ranunculus-type,UPHE
ranunculus_peltatus_type,delete,delete,AQVP
ranunculus_repens_type,Ranunculus-type,Ranunculus-type,UPHE
ranunculus_sceleratus_type,Ranunculus-type,Ranunculus-type,UPHE
ranunculus_sect_batrachium_type,Ranunculus-type,Ranunculus-type,UPHE
ranunculus_subgen_batrachium_type,Ranunculus-type,Ranunculus-type,UPHE
ranunculus_undiff,Ranunculus-type,Ranunculus-type,UPHE
ranunculus_villosus_subsp_constantinopolitanus_type,Ranunculus-type,Ranunculus-type,UPHE
reaumuria,Reaumuria,Reaumuria,TRSH
reseda,Resedaceae,Resedaceae,UPHE
resedaceae,Resedaceae,Resedaceae,UPHE
rhamnaceae,Rhamnaceae,Rhamnaceae,TRSH
rhamnus,Rhamnaceae,Rhamnaceae,TRSH
rhamnus_type,Rhamnaceae,Rhamnaceae,TRSH
rheum,Rheum,Rheum,UPHE
rheum_ribes,Rheum,Rheum,UPHE
rhinanthus_minus_group,Rhinanthus-group,Rhinanthus-group,UPHE
rhinanthus_type,Rhinanthus-group,Rhinanthus-group,UPHE
rhododendron,Ericales (tetrads),Ericales (tetrads),TRSH
rhus,Rhus/Cotinus,Rhus/Cotinus,TRSH
rhynchocorys,Rhinanthus-group,Rhinanthus-group,UPHE
rhynchospora_type,delete,delete,delete
ricinus,Ricinus communis,Ricinus communis,UPHE
roemeria,Roemeria-type,Roemeria-type,UPHE
roemeria_hybrida_subsp_dodecandra_type,Roemeria-type,Roemeria-type,UPHE
rosa_type,Rosaceae (operculate),Rosaceae (operculate),UPHE
rosaceae,Rosaceae,Rosaceae,UPHE
rosaceae_undiff,Rosaceae,Rosaceae,TRSH
rubiaceae,Rubiaceae,Rubiaceae,TRSH
rubus,Rosaceae (non-operculate),Rosaceae (non-operculate),TRSH
rumex,Rumex/Oxyria,Rumex/Oxyria,UPHE
rumex_acetosa,Rumex/Oxyria,Rumex/Oxyria,UPHE
rumex_acetosa_type,Rumex/Oxyria,Rumex/Oxyria,UPHE
rumex_acetosella,Rumex/Oxyria,Rumex/Oxyria,UPHE
rumex_alpinus_type,Rumex/Oxyria,Rumex/Oxyria,UPHE
rumex_aquaticus_type,Rumex aquaticus-type,Rumex aquaticus-type,UPHE
rumex_crispus_type,Rumex/Oxyria,Rumex/Oxyria,UPHE
rumex_cyprius,Rumex cyprius-type,Rumex cyprius-type,UPHE
rumex_cyprius_type,Rumex cyprius-type,Rumex cyprius-type,UPHE
rumex_hydrolapathum,Rumex aquaticus-type,Rumex aquaticus-type,UPHE
rumex_hydrolapathum_type,Rumex aquaticus-type,Rumex aquaticus-type,UPHE
rumex_kurdicus,Rumex kurdicus,Rumex kurdicus,UPHE
rumex_patientia_type,Rumex aquaticus-type,Rumex aquaticus-type,UPHE
rumex_patientia_var_kurdicus,Rumex kurdicus,Rumex kurdicus,UPHE
rumex_subg_emex,Emex,Emex,UPHE
rumex_undiff,Rumex/Oxyria,Rumex/Oxyria,UPHE
ruta,Ruta,Ruta,UPHE
sagina,Caryophyllaceae (periporate excl. Paronychioideae),Caryophyllaceae (periporate excl. Paronychioideae),UPHE
sagina_type,Caryophyllaceae (periporate excl. Paronychioideae),Caryophyllaceae (periporate excl. Paronychioideae),UPHE
salix,Salix,Salix,TRSH
salvadoraceae,Salvadoraceae,Salvadoraceae,TRSH
salvia,Labiatae (6),Labiatae (6),UPHE
salvia_type,Labiatae (6),Labiatae (6),UPHE
salvinia,delete,delete,AQVP
sambucus,Sambucus,Sambucus,TRSH
sambucus_ebulus,Sambucus,Sambucus,TRSH
sambucus_nigra_type,Sambucus,Sambucus,TRSH
sambucus_racemosa_type,Sambucus,Sambucus,TRSH
sample_id,sample.id,sample.id,LABO
sample_volume,delete,delete,delete
sanguisorba_minor,Sanguisorba-type,Sanguisorba-type,UPHE
sanguisorba_minor_type,Sanguisorba-type,Sanguisorba-type,UPHE
sanguisorba_officinalis,Sanguisorba-type,Sanguisorba-type,UPHE
sanguisorba_type,Sanguisorba-type,Sanguisorba-type,UPHE
sanicula,Apiaceae,Apiaceae,UPHE
sanicula_type,Apiaceae,Apiaceae,UPHE
sarcopoterium,Sanguisorba-type,Sanguisorba-type,UPHE
sarcopoterium_spinosum,Sanguisorba-type,Sanguisorba-type,UPHE
saxifraga_nivalis_type,Saxifraga,Saxifraga,UPHE
saxifraga_oppositifolia,Saxifraga,Saxifraga,UPHE
scabiosa,Dipsacaceae,Dipsacaceae,UPHE
scabiosa_argentea_type,Dipsacaceae,Dipsacaceae,UPHE
scabiosa_columbaria_type,Dipsacaceae,Dipsacaceae,UPHE
scabiosa_olivieri,Dipsacaceae,Dipsacaceae,UPHE
scabiosa_rotata_type,Dipsacaceae,Dipsacaceae,UPHE
scilla_type,Liliaceae-type,Liliaceae-type,UPHE
scorzonera_type,Compositae subfam. Cichorioideae,Compositae subfam. Cichorioideae,UPHE
scrophularia_verbascum,Scrophulariaceae (colporate-reticulate),Scrophulariaceae (colporate-reticulate),UPHE
scrophulariaceae,Scrophulariaceae (colporate-reticulate),Scrophulariaceae (colporate-reticulate),UPHE
scutellaria,Galeopsis/Ballota-type,Galeopsis/Ballota-type,UPHE
secale,Poaceae,Poaceae,UPHE
secale_type,Poaceae,Poaceae,UPHE
sedum_type,Crassulaceae,Crassulaceae,UPHE
selaginella_wildenowi_type,delete,delete,VACR
senecio_type,Compositae subfam. Asteroideae,Compositae subfam. Asteroideae,UPHE
sideritis,Labiatae (6),Labiatae (6),UPHE
silene,Caryophyllaceae (periporate excl. Paronychioideae),Caryophyllaceae (periporate excl. Paronychioideae),UPHE
silene_type,Caryophyllaceae (periporate excl. Paronychioideae),Caryophyllaceae (periporate excl. Paronychioideae),UPHE
sisyrinchium,Liliaceae-type,Liliaceae-type,UPHE
sisyrinchium_type,Liliaceae-type,Liliaceae-type,UPHE
solanaceae,Solanaceae,Solanaceae,UPHE
solanum,Solanum,Solanum,UPHE
solanum_dulcamara,Solanum,Solanum,UPHE
solanum_dulcamara_type,Solanum,Solanum,UPHE
solanum_nigrum,Solanum,Solanum,UPHE
sorbus_minus_group,Rosaceae (non-operculate),Rosaceae (non-operculate),TRSH
sorbus_type,Rosaceae (non-operculate),Rosaceae (non-operculate),TRSH
sparganium,delete,delete,AQVP
sparganium_type,delete,delete,AQVP
spergularia_type,Spergularia-type,Spergularia-type,UPHE
sphagnum,delete,delete,AQBR
spinacia_type,Amaranthaceae/Chenopodiaceae,Amaranthaceae/Chenopodiaceae,UPHE
spiniferites_cruciformis,delete,delete,DINO
spores,delete,delete,delete
spores_trilete,delete,delete,delete
stachys_type,Galeopsis/Ballota-type,Galeopsis/Ballota-type,UPHE
statice_spicata_type,Plumbaginaceae,Plumbaginaceae,UPHE
styrax,Styrax,Styrax,TRSH
symphoricarpos,Symphoricarpos,Symphoricarpos,TRSH
symphytum,Boraginaceae,Boraginaceae,UPHE
symphytum_type,Boraginaceae,Boraginaceae,UPHE
syringa,Ligustrum-type,Ligustrum-type,TRSH
tamarix,Tamarix,Tamarix,TRSH
taxus,Taxus,Taxus,TRSH
teucrium,Teucrium,Teucrium,UPHE
thalictrum,Thalictrum,Thalictrum,UPHE
theligonum,Theligonum cynocrambe,Theligonum cynocrambe,UPHE
theligonum_cynocrambe,Theligonum cynocrambe,Theligonum cynocrambe,UPHE
thelypteris_palustris_type,delete,delete,VACR
thesium,Thesium,Thesium,UPHE
thymelaea,Thymelaeaceae,Thymelaeaceae,TRSH
thymelaeaceae,Thymelaeaceae,Thymelaeaceae,UPHE
thymus_mentha,Labiatae (6),Labiatae (6),UPHE
tilia,Tilia,Tilia,TRSH
tribulus,Tribulus terrestris,Tribulus terrestris,UPHE
tribulus_terrestris,Tribulus terrestris,Tribulus terrestris,UPHE
trifolium,Trifolium-type,Trifolium-type,UPHE
trifolium_type,Trifolium-type,Trifolium-type,UPHE
triticum_type,Poaceae,Poaceae,UPHE
trollius,Trollius europaeus,Trollius europaeus,UPHE
tubuliflorae,Compositae subfam. Asteroideae,Compositae subfam. Asteroideae,UPHE
tulipa_type,Liliaceae-type,Liliaceae-type,UPHE
turgenia_type,Apiaceae,Apiaceae,UPHE
typha_angustifolia_type,delete,delete,AQVP
typha_latifolia,delete,delete,AQVP
typha_latifolia_type,delete,delete,AQVP
ulmus,Ulmus/Zelkova,Ulmus/Zelkova,TRSH
ulmus_zelkova,Ulmus/Zelkova,Ulmus/Zelkova,TRSH
umbelliferae,Apiaceae,Apiaceae,UPHE
unknown_pollen,delete,delete,delete
unknown_trilete,delete,delete,NA
urtica,Urticaceae/Moraceae,Urticaceae/Moraceae,UPHE
urtica_dioica_type,Urticaceae/Moraceae,Urticaceae/Moraceae,UPHE
urtica_pilulifera,Urticaceae/Moraceae,Urticaceae/Moraceae,UPHE
urtica_pilulifera_type,Urticaceae/Moraceae,Urticaceae/Moraceae,UPHE
urticaceae,Urticaceae/Moraceae,Urticaceae/Moraceae,UPHE
urticaceae_moraceae,Urticaceae/Moraceae,Urticaceae/Moraceae,TRSH
utricularia,delete,delete,AQVP
vaccinium_type,Ericales (tetrads),Ericales (tetrads),TRSH
valeriana,Valerianaceae,Valerianaceae,UPHE
valeriana_officinalis_type,Valerianaceae,Valerianaceae,UPHE
valerianella,Valerianaceae,Valerianaceae,UPHE
varia,delete,delete,delete
veratrum_type,Liliaceae-type,Liliaceae-type,UPHE
verbena,Verbena officinalis,Verbena officinalis,UPHE
veronica,Rhinanthus-group,Rhinanthus-group,UPHE
veronica_type,Rhinanthus-group,Rhinanthus-group,UPHE
viburnum,Viburnum,Viburnum,TRSH
viburnum_type,Viburnum,Viburnum,TRSH
vicia,Lathyrus/Vicia-type,Lathyrus/Vicia-type,UPHE
vicia_type,Lathyrus/Vicia-type,Lathyrus/Vicia-type,UPHE
viola,Viola,Viola,UPHE
viscum,Viscum album,Viscum album,TRSH
vitex_agnus_minus_castus,Vitex agnus-castus,Vitex agnus-castus,TRSH
vitis,Vitis,Vitis,TRSH
vitis_vinifera,Vitis,Vitis,TRSH
xanthium,Ambrosia/Xanthium,Ambrosia/Xanthium,UPHE
xanthium_type,Ambrosia/Xanthium,Ambrosia/Xanthium,UPHE
zea_mays,Poaceae,Poaceae,UPHE
zelkova,Ulmus/Zelkova,Ulmus/Zelkova,TRSH
zizyphus,Rhamnaceae,Rhamnaceae,TRSH
zygophyllaceae,Zygophyllaceae,Zygophyllaceae,TRSH
zygophyllum,Zygophyllum,Zygophyllum,UPHE
abutilon,Malvaceae,Malvaceae,UPHE
acanthaceae,Acanthaceae,Acanthaceae,UPHE
acanthus_type,Acanthaceae,Acanthaceae,UPHE
acer_campestre_type,Acer,Acer,TRSH
aconitum,Aconitum,Aconitum,UPHE
aconitum_type,Aconitum,Aconitum,UPHE
aegopodium_podagraria,Apiaceae,Apiaceae,UPHE
aerva,Amaranthaceae/Chenopodiaceae,Amaranthaceae/Chenopodiaceae,UPHE
agrimonia_aremonia,Agrimonia/Aremonia,Agrimonia/Aremonia,UPHE
alchemilla,Alchemilla/Aphanes,Alchemilla/Aphanes,UPHE
alchemilla_aphanes,Alchemilla/Aphanes,Alchemilla/Aphanes,UPHE
alchemilla_group,Alchemilla/Aphanes,Alchemilla/Aphanes,UPHE
alnus_glutinosa_type,Alnus,Alnus,TRSH
alnus_viridis,Alnus,Alnus,TRSH
ambrosia_xanthium,Ambrosia/Xanthium,Ambrosia/Xanthium,UPHE
ambrosia_type,Ambrosia/Xanthium,Ambrosia/Xanthium,UPHE
xanthium_spicatum_type,Ambrosia/Xanthium,Ambrosia/Xanthium,TRSH
anchusa_arvensis_type,Anchusa arvensis-type,Anchusa arvensis-type,UPHE
pulmonaria_type,Boraginaceae,Boraginaceae,UPHE
andrachne,Andrachne,Andrachne,TRSH
anemone_coronaria_type,Anemone coronaria,Anemone coronaria,UPHE
anemone_nemorosa_type,Ranunculus-type,Ranunculus-type,UPHE
anemone_undifferentiated,Ranunculus-type,Ranunculus-type,UPHE
anemone_undiff,Ranunculus-type,Ranunculus-type,UPHE
anthericum,Liliaceae-type,Liliaceae-type,UPHE
anthriscus_cerefolium,Apiaceae,Apiaceae,UPHE
anthriscus_sylvestris_type,Apiaceae,Apiaceae,UPHE
anthyllis,Anthyllis,Anthyllis,UPHE
anthyllis_type,Anthyllis,Anthyllis,UPHE
apiaceae_undiff,Apiaceae,Apiaceae,UPHE
cf_bunium_rectangulum,Apiaceae,Apiaceae,UPHE
cf_falcaria,Apiaceae,Apiaceae,UPHE
cf_levisticum,Apiaceae,Apiaceae,UPHE
cf_smyrniopsis,Apiaceae,Apiaceae,UPHE
cicuta_virosa_type,Apiaceae,Apiaceae,UPHE
echinophora_type,Apiaceae,Apiaceae,UPHE
pimpinella_anisum_type,Apiaceae,Apiaceae,UPHE
apium,Apiaceae,Apiaceae,UPHE
arceuthobium,Arceuthobium oxycedri,Arceuthobium oxycedri,TRSH
arctium,Cynareae,Cynareae,UPHE
aristolochiaceae,Aristolochiaceae,Aristolochiaceae,UPHE
arnebia,Arnebia,Arnebia,UPHE
arnebia_type,Arnebia,Arnebia,UPHE
artemisia_type,Artemisia,Artemisia,UPHE
aruncus_spiraea,Aruncus/Spiraea,Aruncus/Spiraea,UPHE
aruncus_type,Aruncus/Spiraea,Aruncus/Spiraea,UPHE
spiraea,Aruncus/Spiraea,Aruncus/Spiraea,TRSH
spiraea_type,Aruncus/Spiraea,Aruncus/Spiraea,TRSH
asphodelus_fistulosus_type,Liliaceae-type,Liliaceae-type,UPHE
asplenium,delete,delete,VACR
asplenium_type,delete,delete,VACR
asplenium_subg_phyllitis,delete,delete,VACR
aster_type,Compositae subfam. Asteroideae,Compositae subfam. Asteroideae,UPHE
astragalus_alpinus_type,Astragalus-type,Astragalus-type,UPHE
astragalus_onobrychis_type,Astragalus-type,Astragalus-type,UPHE
astrantia_major_type,Apiaceae,Apiaceae,UPHE
astrantia_type,Apiaceae,Apiaceae,UPHE
athyrium_filix_minus_femina,delete,delete,VACR
atropa_type,Atropa-type,Atropa-type,UPHE
avena_type,Poaceae,Poaceae,UPHE
betula_undiff,Betula,Betula,TRSH
betula_nana_type,Betula,Betula,TRSH
betula_pubescens_type,Betula,Betula,TRSH
bifora_radians_type,Apiaceae,Apiaceae,UPHE
blechnum_spicant,delete,delete,VACR
bongardia_type,Bongardia,Bongardia,UPHE
botrychium_type,delete,delete,VACR
biscutella,Brassicaceae,Brassicaceae,UPHE
lepidium,Brassicaceae,Brassicaceae,UPHE
buglossoides_arvensis,Boraginaceae,Boraginaceae,UPHE
bupleurum,Apiaceae,Apiaceae,UPHE
caesalpinea_type,Caesalpinea-type,Caesalpinea-type,TRSH
calligonum_type,Calligonum-type,Calligonum-type,TRSH
callipeltis_microstegia_type,Callipeltis microstegia-type,Callipeltis microstegia-type,UPHE
calluna_vulgaris,Ericales (tetrads),Ericales (tetrads),TRSH
cannabis_sativa,Cannabis/Humulus,Cannabis/Humulus,UPHE
cannabis_type,Cannabis/Humulus,Cannabis/Humulus,UPHE
capparidaceae,Capparidaceae,Capparidaceae,TRSH
capsicum_type,Capsicum-type,Capsicum-type,UPHE
cardiospermum,Cardiospermum,Cardiospermum,UPHE
cardiospermum_cf_c_halicacabum,Cardiospermum,Cardiospermum,UPHE
carduus,Cynareae,Cynareae,UPHE
silybum_type,Cynareae,Cynareae,UPHE
carpinus_type,Carpinus betulus,Carpinus betulus,TRSH
caryophyllaceae_periporate_excl_paronychioideae,Caryophyllaceae (periporate excl. Paronychioideae),Caryophyllaceae (periporate excl. Paronychioideae),UPHE
caryophyllaceae_subf_silenoideae_type,Caryophyllaceae (periporate excl. Paronychioideae),Caryophyllaceae (periporate excl. Paronychioideae),TRSH
caryophyllaceae_undiff,Caryophyllaceae (periporate excl. Paronychioideae),Caryophyllaceae (periporate excl. Paronychioideae),TRSH
cf_cerastium_glomeratum,Caryophyllaceae (periporate excl. Paronychioideae),Caryophyllaceae (periporate excl. Paronychioideae),UPHE
cf_silene_albescens,Caryophyllaceae (periporate excl. Paronychioideae),Caryophyllaceae (periporate excl. Paronychioideae),UPHE
cf_silene_ampullata,Caryophyllaceae (periporate excl. Paronychioideae),Caryophyllaceae (periporate excl. Paronychioideae),UPHE
vaccaria_petrorhagia,Caryophyllaceae (periporate excl. Paronychioideae),Caryophyllaceae (periporate excl. Paronychioideae),UPHE
caryophyllaceae_subfam_paronychioideae,Caryophyllaceae subfam. Paronychioideae,Caryophyllaceae subfam. Paronychioideae,UPHE
castanea_sativa,Castanea sativa,Castanea sativa,TRSH
castanea_type,Castanea sativa,Castanea sativa,TRSH
celtis_australis,Celtis,Celtis,TRSH
centaurea_undifferentiated,Centaurea,Centaurea,UPHE
centaurea_undiff,Centaurea,Centaurea,UPHE
centaurea_nemecii_type,Centaurea nigra-type,Centaurea nigra-type,UPHE
acroptilon,Centaurea nigra-type,Centaurea nigra-type,UPHE
centaurea_dealbata_type,Centaurea nigra-type,Centaurea nigra-type,UPHE
psephellus_dealbatus_type,Centaurea nigra-type,Centaurea nigra-type,UPHE
centaurea_solstitialis,Centaurea nigra-type,Centaurea nigra-type,UPHE
centaurea_scabiosa,Centaurea scabiosa-type,Centaurea scabiosa-type,UPHE
cerastium_arvense_type,Caryophyllaceae (periporate excl. Paronychioideae),Caryophyllaceae (periporate excl. Paronychioideae),UPHE
cerastium_cerastoides_type,Caryophyllaceae (periporate excl. Paronychioideae),Caryophyllaceae (periporate excl. Paronychioideae),UPHE
stellaria,Caryophyllaceae (periporate excl. Paronychioideae),Caryophyllaceae (periporate excl. Paronychioideae),UPHE
ceratocephala,Ranunculus-type,Ranunculus-type,UPHE
poaceae_cerealia_undiff,Poaceae,Poaceae,UPHE
cerinthe,Boraginaceae,Boraginaceae,UPHE
cerinthe_minor_type,Boraginaceae,Boraginaceae,UPHE
chaerophyllum_hirsutum_type,Apiaceae,Apiaceae,UPHE
cheilanthes_type,delete,delete,VACR
chelidonium_majus,Chelidonium majus,Chelidonium majus,UPHE
alternanthera,Amaranthaceae/Chenopodiaceae,Amaranthaceae/Chenopodiaceae,UPHE
amaranthus_type,Amaranthaceae/Chenopodiaceae,Amaranthaceae/Chenopodiaceae,UPHE
cf_krascheninnikovia,Amaranthaceae/Chenopodiaceae,Amaranthaceae/Chenopodiaceae,UPHE
chenopodiaceae_amaranthaceae,Amaranthaceae/Chenopodiaceae,Amaranthaceae/Chenopodiaceae,UPHE
chenopodiaceae_amaranthaceae_undifferentiated,Amaranthaceae/Chenopodiaceae,Amaranthaceae/Chenopodiaceae,UPHE
amaranthaceae_type,Amaranthaceae/Chenopodiaceae,Amaranthaceae/Chenopodiaceae,UPHE
cornulaca,Amaranthaceae/Chenopodiaceae,Amaranthaceae/Chenopodiaceae,UPHE
salsola_type,Amaranthaceae/Chenopodiaceae,Amaranthaceae/Chenopodiaceae,UPHE
suaeda,Amaranthaceae/Chenopodiaceae,Amaranthaceae/Chenopodiaceae,UPHE
chrozophora_type,Chrozophora-type,Chrozophora-type,UPHE
cicuta_virosa,Apiaceae,Apiaceae,UPHE
circaea,Onagraceae,Onagraceae,UPHE
cirsium,Cynareae,Cynareae,UPHE
cistaceae,Cistaceae,Cistaceae,UPHE
citrus,Citrus,Citrus,TRSH
aster_achillea,delete,delete,UPHE
compositae_subfam_asteroideae,Compositae subfam. Asteroideae,Compositae subfam. Asteroideae,UPHE
asteroideae_undifferentiated,Compositae subfam. Asteroideae,Compositae subfam. Asteroideae,UPHE
cichoriaceae,Compositae subfam. Cichorioideae,Compositae subfam. Cichorioideae,UPHE
compositae_subfam_cichorioideae,Compositae subfam. Cichorioideae,Compositae subfam. Cichorioideae,UPHE
consolida_type,Consolida-type,Consolida-type,UPHE
delphinium,Consolida-type,Consolida-type,UPHE
convolvulus_arvensis,Convolvulus,Convolvulus,UPHE
cornus_sanguinea,Cornus,Cornus,TRSH
cornus_sanguinea_type,Cornus,Cornus,TRSH
coronilla,Coronilla-type,Coronilla-type,UPHE
coronilla_type,Coronilla-type,Coronilla-type,UPHE
corydalis,Corydalis,Corydalis,UPHE
corylus_avellana,Corylus/Myrica,Corylus/Myrica,TRSH
corylus_myrica,Corylus/Myrica,Corylus/Myrica,TRSH
cousinia_type,Cynareae,Cynareae,UPHE
taraxacum_type,Compositae subfam. Cichorioideae,Compositae subfam. Cichorioideae,UPHE
crocus,Liliaceae-type,Liliaceae-type,UPHE
crozophora,Crozophora,Crozophora,TRSH
centaurea_cf_xeranthemum,Cynareae,Cynareae,UPHE
cirsium_serratula,Cynareae,Cynareae,UPHE
cynareae,Cynareae,Cynareae,UPHE
cynoglossum_creticum_type,Cynoglossum-type,Cynoglossum-type,UPHE
cynoglossum_officinale_type,Cynoglossum-type,Cynoglossum-type,UPHE
dataset_id,dataset_id,dataset_id,LABO
ailanthus,Ailanthus,Ailanthus,TRSH
depth_m,Depth_m,Depth_m,LABO
digitalis_type,Scrophulariaceae (colporate-reticulate),Scrophulariaceae (colporate-reticulate),UPHE
lomelosia_argentea_type,Dipsacaceae,Dipsacaceae,UPHE
dipsacoideae,Dipsacaceae,Dipsacaceae,TRSH
dipsacus,Dipsacaceae,Dipsacaceae,UPHE
dorycnium,Dorycnium,Dorycnium,UPHE
dorycnium_hirsutum,Dorycnium,Dorycnium,UPHE
dryas_octopetala,Rosaceae (non-operculate),Rosaceae (non-operculate),UPHE
dryopteris_filix_minus_mas,delete,delete,VACR
dryopteris_filix_minus_mas_type,delete,delete,VACR
dryopteris,delete,delete,VACR
echium_onosma,Echium/Onosma,Echium/Onosma,UPHE
emex,Emex,Emex,UPHE
ephedraceae,Ephedra,Ephedra,TRSH
ephedra_alata_type,Ephedra,Ephedra,TRSH
ephedra_sp,Ephedra,Ephedra,TRSH
ephedra_distachya,Ephedra,Ephedra,TRSH
ephedra_fragilis,Ephedra,Ephedra,TRSH
erica,Ericales (tetrads),Ericales (tetrads),TRSH
ericales_tetrads,Ericales (tetrads),Ericales (tetrads),TRSH
eryngium,Apiaceae,Apiaceae,UPHE
fagonia,Fagonia,Fagonia,UPHE
fagonia_type,Fagonia,Fagonia,TRSH
fagopyrum_tataricum,Fagopyrum,Fagopyrum,UPHE
fagus_clump_pollen_nisp,Fagus,Fagus,TRSH
fagus_na_pollen_nisp,Fagus,Fagus,TRSH
falcaria_vulgaris_type,Apiaceae,Apiaceae,UPHE
falcaria_type,Apiaceae,Apiaceae,UPHE
fontanesia_philliraeoides,Fontanesia philliraeoides,Fontanesia philliraeoides,TRSH
frangula_alnus,Rhamnaceae,Rhamnaceae,TRSH
frankenia_type,Frankenia,Frankenia,TRSH
galeopsis_ballota_type,Galeopsis/Ballota-type,Galeopsis/Ballota-type,UPHE
genista_group,Genista-group,Genista-group,UPHE
gentiana_pneumonanthe_type,Gentianaceae,Gentianaceae,UPHE
geraniaceae,Geraniaceae,Geraniaceae,UPHE
gnaphalium_type,Compositae subfam. Asteroideae,Compositae subfam. Asteroideae,UPHE
gypsophila_repens_type,Caryophyllaceae (periporate excl. Paronychioideae),Caryophyllaceae (periporate excl. Paronychioideae),UPHE
hagenis_abyssinia,Hagenis abyssinia,Hagenis abyssinia,TRSH
hedera_helix,Hedera,Hedera,TRSH
heracleum,Apiaceae,Apiaceae,UPHE
hibiscus,Malvaceae,Malvaceae,TRSH
hippopha,Hippophae rhamnoides,Hippophae rhamnoides,TRSH
hippopha_rhamnoides,Hippophae rhamnoides,Hippophae rhamnoides,TRSH
humulus,Cannabis/Humulus,Cannabis/Humulus,UPHE
humulus_lupulus,Cannabis/Humulus,Cannabis/Humulus,UPHE
hymenophyllum,delete,delete,VACR
hypecoum,Hypecoum,Hypecoum,UPHE
hypericum_coris_type,Hypericum,Hypericum,UPHE
hyphaene,Hyphaene,Hyphaene,TRSH
hyphaene_cf_h_thebaica,Hyphaene,Hyphaene,PALM
ilex_aquifolium,Ilex,Ilex,TRSH
ilex_type,Ilex,Ilex,TRSH
juncaceae,Juncaceae,Juncaceae,UPHE
luzula,Juncaceae,Juncaceae,UPHE
cupressus,Juniperus-type,Juniperus-type,TRSH
juniperus_cupressaceae,Juniperus-type,Juniperus-type,TRSH
kickxia,Scrophulariaceae (colporate-reticulate),Scrophulariaceae (colporate-reticulate),UPHE
labiatae_6,Labiatae (6),Labiatae (6),UPHE
lamium,Lamium album-type,Lamium album-type,UPHE
larix_pseudotsuga,Larix/Pseudotsuga,Larix/Pseudotsuga,TRSH
laser_trilobum_type,Laser trilobum-type,Laser trilobum-type,UPHE
laserpitium_latifolium_type,Apiaceae,Apiaceae,UPHE
lathyrus_vicia_type,Lathyrus/Vicia-type,Lathyrus/Vicia-type,UPHE
lecokia,Apiaceae,Apiaceae,UPHE
leontice,Leontice,Leontice,UPHE
ligusticum_mutellina,Apiaceae,Apiaceae,UPHE
iridaceae,Liliaceae-type,Liliaceae-type,UPHE
iridaceae_undifferentiated,Liliaceae-type,Liliaceae-type,UPHE
iridaceae_undiff,Liliaceae-type,Liliaceae-type,UPHE
liliaceae_sensu_lato,Liliaceae-type,Liliaceae-type,UPHE
liliaceae_undifferentiated,Liliaceae-type,Liliaceae-type,UPHE
liliaceae_type,Liliaceae-type,Liliaceae-type,UPHE
liliopsida_monocolpate,delete,delete,SEED
linum_catharticum_type,Linum,Linum,UPHE
linum_mucronatum_type,Linum,Linum,UPHE
lithospermum_officinale,Boraginaceae,Boraginaceae,UPHE
loranthaceae,Loranthaceae,Loranthaceae,TRSH
lotus,Lotus-type,Lotus-type,UPHE
ludwigia_palustris,Onagraceae,Onagraceae,UPHE
lupinus,Genista-group,Genista-group,UPHE
lycium,Lycium,Lycium,TRSH
lycopodiaceae,delete,delete,VACR
lycopodium_clavatum,delete,delete,VACR
lysimachia_vulgaris_type,Anagallis-type,Anagallis-type,UPHE
lythrum_hyssopifolia,Lythrum,Lythrum,UPHE
lythrum_portula_type,Lythrum,Lythrum,UPHE
lythrum_salicaria_type,Lythrum,Lythrum,UPHE
marsilea,delete,delete,VACR
marsileaceae,delete,delete,VACR
achillea_type,Compositae subfam. Asteroideae,Compositae subfam. Asteroideae,UPHE
anthemis_type,Compositae subfam. Asteroideae,Compositae subfam. Asteroideae,UPHE
mattiastrum,Myosotis-type,Myosotis-type,UPHE
paracaryum_type,Myosotis-type,Myosotis-type,UPHE
medicago_sativa_type,Medicago sativa-type,Medicago sativa-type,UPHE
medicago_type,Medicago sativa-type,Medicago sativa-type,UPHE
satureja_ziziphora,Labiatae (6),Labiatae (6),UPHE
mercurialis_type,Mercurialis,Mercurialis,UPHE
michauxia,Campanulaceae,Campanulaceae,UPHE
mimusops,Mimusops,Mimusops,TRSH
moltkia,Moltkia,Moltkia,UPHE
cf_polypodium,delete,delete,VACR
monolete_fern_spores,delete,delete,VACR
pteridophyta_monolete_undiff,delete,delete,VACR
moraceae,Urticaceae/Moraceae,Urticaceae/Moraceae,TRSH
cathaya_type,Cathaya-type,Cathaya-type,TRSH
nerium_oleander,Nerium oleander,Nerium oleander,TRSH
ocimum,Labiatae (6),Labiatae (6),UPHE
onagraceae,Onagraceae,Onagraceae,UPHE
onobrychis,Onobrychis-type,Onobrychis-type,UPHE
hedysarum_type,Onobrychis-type,Onobrychis-type,UPHE
onosma,Echium/Onosma,Echium/Onosma,UPHE
ophioglossaceae,delete,delete,VACR
ophioglossum_cf_o_polyphyllum,delete,delete,VACR
ophioglossum_vulgatum,delete,delete,VACR
orchidaceae,Orchidaceae,Orchidaceae,UPHE
ornithogalum,Liliaceae-type,Liliaceae-type,UPHE
osmanthus,Osmanthus,Osmanthus,TRSH
osmunda_type,delete,delete,VACR
ostrya_carpinus_betulus_type,Ostrya/Carpinus orientalis,Ostrya/Carpinus orientalis,TRSH
carpinus_orientalis_ostrya,Ostrya/Carpinus orientalis,Ostrya/Carpinus orientalis,TRSH
parietaria,Urticaceae/Moraceae,Urticaceae/Moraceae,UPHE
parrotia,Parrotia,Parrotia,TRSH
parrotia_persica,Parrotia,Parrotia,TRSH
pedicularis_palustris_type,Pedicularis,Pedicularis,UPHE
peristrophe,Peristrophe,Peristrophe,UPHE
peristrophe_cf_p_bicalyculata,Peristrophe,Peristrophe,UPHE
persicaria_maculosa,Persicaria maculosa,Persicaria maculosa,UPHE
ferula_bunium_type,Apiaceae,Apiaceae,UPHE
peucedanum_type,Apiaceae,Apiaceae,UPHE
phacelia_tanacetifolia_type,Phacelia,Phacelia,UPHE
campanula,Campanulaceae,Campanulaceae,UPHE
phyteuma,Campanulaceae,Campanulaceae,UPHE
pimpinella_anisum,Apiaceae,Apiaceae,UPHE
pimpinella_major_type,Apiaceae,Apiaceae,UPHE
pinaceae_undifferentiated,Pinaceae undifferentiated,Pinaceae undifferentiated,TRSH
pinus_undiff,Pinus,Pinus,TRSH
plantago_undifferentiated,Plantago,Plantago,UPHE
plantago_major_p_media,Plantago,Plantago,UPHE
plantago_alpina_type,Plantago,Plantago,UPHE
plantago_maritima,Plantago,Plantago,UPHE
plantago_media,Plantago,Plantago,UPHE
plantago_uniflora,Plantago uniflora,Plantago uniflora,UPHE
avena_triticum_group,Poaceae,Poaceae,UPHE
hordeum_group,Poaceae,Poaceae,UPHE
poaceae_bigger_than_37_u_fffd_m,Poaceae,Poaceae,UPHE
poaceae_clump_pollen_nisp,Poaceae,Poaceae,UPHE
poaceae_na_pollen_nisp,Poaceae,Poaceae,UPHE
polemoniaceae,Polemoniaceae,Polemoniaceae,UPHE
polemonium,Polemoniaceae,Polemoniaceae,UPHE
polygonum_aviculare,Polygonum-type (tricolporate),Polygonum-type (tricolporate),UPHE
polygonum_aviculare_bistorta_officinalis_type,Polygonum-type (tricolporate),Polygonum-type (tricolporate),UPHE
polygonum_type_tricolporate,Polygonum-type (tricolporate),Polygonum-type (tricolporate),UPHE
polypodium_vulgare,delete,delete,VACR
polypodium_vulgare_type,delete,delete,VACR
polystichum,delete,delete,VACR
polystichum_type,delete,delete,VACR
portulaca_montia,Portulaca/Montia,Portulaca/Montia,UPHE
primula_farinosa_type,Primula,Primula,UPHE
primula_farinosa_type_large,Primula,Primula,UPHE
primula_hirsuta_type,Primula,Primula,UPHE
nepeta_type,Labiatae (6),Labiatae (6),UPHE
amygdalus_type,Rosaceae (non-operculate),Rosaceae (non-operculate),TRSH
malus,Rosaceae (non-operculate),Rosaceae (non-operculate),TRSH
prunus,Rosaceae (non-operculate),Rosaceae (non-operculate),TRSH
pyrus,Rosaceae (non-operculate),Rosaceae (non-operculate),TRSH
psammogeton_type,Apiaceae,Apiaceae,UPHE
psoraleeae,Psoralea bituminosa,Psoralea bituminosa,UPHE
psoralea_bituminosa,Psoralea bituminosa,Psoralea bituminosa,UPHE
pteridium_aquilinum,delete,delete,VACR
pteridium_aquilinum_type,delete,delete,VACR
pteris,delete,delete,VACR
pterocarya_fraxinifolia,Pterocarya,Pterocarya,TRSH
anemone_sect_pulsatilla,Ranunculus-type,Ranunculus-type,UPHE
quercus_robur_q_cerris,Quercus,Quercus,TRSH
quercus_coccifera,Quercus,Quercus,TRSH
quercus_evergreen_2,Quercus,Quercus,TRSH
quercus_deciduous_2,Quercus,Quercus,TRSH
quercus_frainetto,Quercus,Quercus,TRSH
quercus_pubescens_type,Quercus,Quercus,TRSH
quercus_robur,Quercus,Quercus,TRSH
randia,Rubiaceae,Rubiaceae,TRSH
ranunculaceae_undifferentiated,Ranunculaceae,Ranunculaceae,UPHE
ranunculaceae_undiff,Ranunculaceae,Ranunculaceae,UPHE
ranunculus_lanuginosus,Ranunculus-type,Ranunculus-type,UPHE
ranunculus_repens,Ranunculus-type,Ranunculus-type,UPHE
ranunculus_parviflorus,Ranunculus arvensis-type,Ranunculus arvensis-type,UPHE
ranunculus_parviflorus_type,Ranunculus arvensis-type,Ranunculus arvensis-type,UPHE
ranunculus_constantinopolitanus_type,Ranunculus-type,Ranunculus-type,UPHE
ranunculus_type,Ranunculus-type,Ranunculus-type,UPHE
rumex_acris_type,Ranunculus-type,Ranunculus-type,UPHE
rheum_officinale,Rheum,Rheum,UPHE
rhinanthus_group,Rhinanthus-group,Rhinanthus-group,UPHE
bartsia_type,Rhinanthus-group,Rhinanthus-group,UPHE
rhinanthus,Rhinanthus-group,Rhinanthus-group,UPHE
rhus_cotinus,Rhus/Cotinus,Rhus/Cotinus,TRSH
rhus_type,Rhus/Cotinus,Rhus/Cotinus,TRSH
ribes,Ribes,Ribes,TRSH
ricinus_communis,Ricinus communis,Ricinus communis,TRSH
rindera_type,Cynoglossum-type,Cynoglossum-type,UPHE
roemeria_dodecandra_type,Roemeria-type,Roemeria-type,UPHE
roemeria_type,Roemeria-type,Roemeria-type,UPHE
rosa,Rosaceae (operculate),Rosaceae (operculate),TRSH
rosaceae_undifferentiated,Rosaceae,Rosaceae,UPHE
cf_prunus_type,Rosaceae (non-operculate),Rosaceae (non-operculate),TRSH
rosaceae_non_minus_operculate,Rosaceae (non-operculate),Rosaceae (non-operculate),TRSH
sorbus_group,Rosaceae (non-operculate),Rosaceae (non-operculate),TRSH
rosaceae_operculate,Rosaceae (operculate),Rosaceae (operculate),UPHE
galium,Rubiaceae,Rubiaceae,UPHE
rubiaceae_hexacolpate,Rubiaceae,Rubiaceae,TRSH
rumex_acetosa_group,Rumex acetosa-type,Rumex acetosa-type,UPHE
rumex_aquaticus_group,Rumex aquaticus-type,Rumex aquaticus-type,UPHE
rumex_obtusifolius_type,Rumex/Oxyria,Rumex/Oxyria,UPHE
rumex_undifferentiated,Rumex/Oxyria,Rumex/Oxyria,UPHE
rumex_oxyria,Rumex/Oxyria,Rumex/Oxyria,UPHE
sambucus_racemosa,Sambucus,Sambucus,TRSH
samolus,Samolus valerandi,Samolus valerandi,UPHE
samolus_valerandi,Samolus valerandi,Samolus valerandi,UPHE
saponaria,Caryophyllaceae (periporate excl. Paronychioideae),Caryophyllaceae (periporate excl. Paronychioideae),UPHE
sapotaceae,Sapotaceae,Sapotaceae,TRSH
micranthes_stellaris_type,Saxifraga,Saxifraga,UPHE
saxifraga,Saxifraga,Saxifraga,UPHE
saxifraga_granulata_type,Saxifraga,Saxifraga,UPHE
saxifraga_moschata_type,Saxifraga,Saxifraga,UPHE
saxifraga_rosacea,Saxifraga,Saxifraga,UPHE
saxifragaceae,Saxifragaceae,Saxifragaceae,UPHE
scabiosa_undifferentiated,Dipsacaceae,Dipsacaceae,UPHE
scabiosa_undiff,Dipsacaceae,Dipsacaceae,UPHE
scleranthus,Caryophyllaceae (periporate excl. Paronychioideae),Caryophyllaceae (periporate excl. Paronychioideae),UPHE
scrophularia_verbascum_digitalis,Scrophulariaceae (colporate-reticulate),Scrophulariaceae (colporate-reticulate),UPHE
scrophulariaceae_colporate_minus_reticulate,Scrophulariaceae (colporate-reticulate),Scrophulariaceae (colporate-reticulate),UPHE
scrophularia_type,Scrophulariaceae (colporate-reticulate),Scrophulariaceae (colporate-reticulate),UPHE
scutellaria_type,Galeopsis/Ballota-type,Galeopsis/Ballota-type,UPHE
secale_cereale,Poaceae,Poaceae,UPHE
sedum,Crassulaceae,Crassulaceae,UPHE
selaginella,delete,delete,VACR
selaginella_willdenowii,delete,delete,VACR
selaginella_helvetica_type,delete,delete,VACR
selaginella_selaginoides,delete,delete,VACR
senecio,Compositae subfam. Asteroideae,Compositae subfam. Asteroideae,UPHE
seseli_type,Apiaceae,Apiaceae,UPHE
silene_dioica_type,Caryophyllaceae (periporate excl. Paronychioideae),Caryophyllaceae (periporate excl. Paronychioideae),UPHE
silene_vulgaris_type,Caryophyllaceae (periporate excl. Paronychioideae),Caryophyllaceae (periporate excl. Paronychioideae),UPHE
sinapis_type,Brassicaceae,Brassicaceae,UPHE
sison_amomum_type,Sison amomum-type,Sison amomum-type,UPHE
smilax,Liliaceae-type,Liliaceae-type,UPHE
solanum_nigrum_type,Solanum,Solanum,UPHE
spergula,Spergularia-type,Spergularia-type,UPHE
spergula_type,Spergularia-type,Spergularia-type,UPHE
staphylea,Staphylea pinnata,Staphylea pinnata,TRSH
staphylea_pinnata,Staphylea pinnata,Staphylea pinnata,TRSH
succisa,Dipsacaceae,Dipsacaceae,UPHE
succisa_type,Dipsacaceae,Dipsacaceae,UPHE
syzygium_type,Myrtaceae,Myrtaceae,TRSH
tamus_communis,Tamus communis,Tamus communis,UPHE
dioscorea_communis,Tamus communis,Tamus communis,UPHE
taxus_baccata,Taxus,Taxus,TRSH
thalictrum_flavum_type,Thalictrum,Thalictrum,UPHE
thelypteris_palustris,delete,delete,VACR
tofieldia,Tofieldia,Tofieldia,UPHE
trachyspermum_type,Apiaceae,Apiaceae,UPHE
trifolium_pratense_type,Trifolium-type,Trifolium-type,UPHE
trifolium_repens_type,Trifolium-type,Trifolium-type,UPHE
cf_lycopodium_clavatum,delete,delete,VACR
trilete_spore_s,delete,delete,VACR
trollius_europaeus,Trollius europaeus,Trollius europaeus,UPHE
tsuga,Tsuga,Tsuga,TRSH
ulmaceae,Ulmus/Zelkova,Ulmus/Zelkova,TRSH
umbilicus_type,Crassulaceae,Crassulaceae,UPHE
urtica_type,Urticaceae/Moraceae,Urticaceae/Moraceae,UPHE
urtica_dioica,Urticaceae/Moraceae,Urticaceae/Moraceae,UPHE
morus_alba_type,Urticaceae/Moraceae,Urticaceae/Moraceae,TRSH
vaccinium,Ericales (tetrads),Ericales (tetrads),TRSH
vaccinium_group,Vaccinium-type,Vaccinium-type,TRSH
valerianaceae,Valerianaceae,Valerianaceae,UPHE
caprifoliaceae_subf_valerianoideae,Valerianaceae,Valerianaceae,UPHE
valerianoideae,Valerianaceae,Valerianaceae,UPHE
veratrum,Liliaceae-type,Liliaceae-type,UPHE
verbascum,Scrophulariaceae (colporate-reticulate),Scrophulariaceae (colporate-reticulate),UPHE
verbascum_type,Scrophulariaceae (colporate-reticulate),Scrophulariaceae (colporate-reticulate),UPHE
verbena_officinalis,Verbena officinalis,Verbena officinalis,UPHE
viscum_album,Viscum album,Viscum album,TRSH
vitex,Vitex agnus-castus,Vitex agnus-castus,TRSH
ziziphus,Rhamnaceae,Rhamnaceae,TRSH
depth,depth,depth,LABO
amaranthaceae_chenopodiaceae,Amaranthaceae/Chenopodiaceae,Amaranthaceae/Chenopodiaceae,UPHE
diospyros,Diospyros,Diospyros,TRSH
azolla,delete,delete,AQVP
azolla_nilotica,delete,delete,AQVP
azolla_salvinia,delete,delete,AQVP
butomus,delete,delete,AQVP
cf_acanthaceae,delete,delete,delete
cf_anthericum,delete,delete,delete
cf_atraphaxis,delete,delete,delete
cf_berberis,delete,delete,delete
cf_bongardia,delete,delete,delete
cf_boraginaceae_undiff,delete,delete,delete
cf_casuarina,delete,delete,delete
cf_celtis,delete,delete,delete
cf_centaurea,delete,delete,delete
cf_chionodoxa,delete,delete,delete
cf_cornus,delete,delete,delete
cf_cornus_suecica_type,delete,delete,delete
cf_equisetum,delete,delete,delete
cf_euphorbiaceae,delete,delete,delete
cf_fabaceae_undiff,delete,delete,delete
cf_genista,delete,delete,delete
cf_gentianaceae,delete,delete,delete
cf_gentianaceae_undiff,delete,delete,delete
cf_gentianella_type,delete,delete,delete
cf_geum,delete,delete,delete
cf_gratiola,delete,delete,delete
cf_hypericum_elodes,delete,delete,delete
cf_ligustrum,delete,delete,delete
cf_liliaceae_undiff,delete,delete,delete
cf_medicago_minima,delete,delete,delete
cf_melampyrum,delete,delete,delete
cf_myosotis_type,delete,delete,delete
cf_myricaria,delete,delete,delete
cf_nyssa,delete,delete,delete
cf_ononis_type,delete,delete,delete
cf_orobanche,delete,delete,delete
cf_pistacia,delete,delete,delete
cf_polygonum_bistorta_type,delete,delete,delete
cf_saxifraga_oppositifolia_type,delete,delete,delete
cf_saxifraga_stellaris_type,delete,delete,delete
cf_tsuga,delete,delete,delete
cf_veronica,delete,delete,delete
characeae_oospores,delete,delete,ALGA
charcoal,delete,delete,delete
anthoceros_laevis_type,delete,delete,UPBR
anthocerotales_type_1,delete,delete,UPBR
anthocerotales_type_2,delete,delete,UPBR
anthocerotales_type_3,delete,delete,UPBR
botryococcus,delete,delete,delete
indeterminable_undifferentiated,delete,delete,delete
monolete_spore_s_undifferentiated,delete,delete,delete
laboratory_number,delete,delete,delete
myriophyllum_alterniflorum,delete,delete,AQVP
myriophyllum_spicatum_type,delete,delete,AQVP
nymphoides,delete,delete,AQVP
pediastrum_boryanum,delete,delete,delete
pediastrum_boryanum_ssp_brevicorne,delete,delete,delete
pediastrum_clathratum,delete,delete,delete
pediastrum_kawraiskyi,delete,delete,delete
pediastrum_simplex,delete,delete,delete
potamogetonaceae,delete,delete,AQVP
riccia,delete,delete,delete
trapa_natans,delete,delete,AQVP
triglochin,delete,delete,AQVP
trilete_psilate,delete,delete,delete
typha_cf_t_domingensis,delete,delete,AQVP
typha_cf_t_elephantina,delete,delete,AQVP
typha_minima_type,delete,delete,AQVP
lycopodium_spike,delete,delete,delete
monolete_psilate,delete,delete,delete
monolete_spore_s,delete,delete,delete
sagittaria,delete,delete,AQVP
stratiotes,delete,delete,AQVP
zannichellia_type,delete,delete,AQVP
cf_melampyrum_clump_pollen_nisp,delete,delete,delete
cf_melampyrum_na_pollen_nisp,delete,delete,delete
dinoflagellates,delete,delete,ALGA
littorella_type,delete,delete,AQVP
gymnocarpium,delete,delete,VACR
gymnocarpium_dryopteris,delete,delete,VACR
cystopteris_type,delete,delete,VACR
cystopteris,delete,delete,VACR
picea_pollen_nisp,Picea,Picea,TRSH
picea_abies_type,Picea,Picea,TRSH
pinus_subg_pinus_type,Pinus,Pinus,TRSH
pinus_subg_pinus,Pinus,Pinus,TRSH
pinus_sylvestris_type,Pinus,Pinus,TRSH
pinus_subg_strobus_type,Pinus,Pinus,TRSH
pinus_subg_strobus,Pinus,Pinus,TRSH
pinus_cembra_type,Pinus,Pinus,TRSH
juniperus_communis_type,Juniperus-type,Juniperus-type,TRSH
asparagus,Liliaceae-type,Liliaceae-type,UPHE
iris_pseudacorus,Liliaceae-type,Liliaceae-type,UPHE
iris_pseudacorus_type,Liliaceae-type,Liliaceae-type,UPHE
narthecium,Liliaceae-type,Liliaceae-type,UPHE
gladiolus,Liliaceae-type,Liliaceae-type,UPHE
gladiolus_type,Liliaceae-type,Liliaceae-type,UPHE
gladiolus_romulea,Liliaceae-type,Liliaceae-type,UPHE
tulipa,Liliaceae-type,Liliaceae-type,UPHE
gagea_tulipa,Liliaceae-type,Liliaceae-type,UPHE
maianthemum_bifolium,Liliaceae-type,Liliaceae-type,UPHE
maianthemum_paris,Liliaceae-type,Liliaceae-type,UPHE
galanthus,Liliaceae-type,Liliaceae-type,UPHE
leucojum_type,Liliaceae-type,Liliaceae-type,UPHE
myrtus_communis,Myrtaceae,Myrtaceae,TRSH
aquilegia,Caltha-type,Caltha-type,UPHE
cuscuta_gronovii_type,Cuscuta,Cuscuta,UPHE
cuscuta_europaea_type,Cuscuta,Cuscuta,UPHE
clematis,Ranunculus-type,Ranunculus-type,TRSH
ranunculus_aquatilis_type,Ranunculus-type,Ranunculus-type,AQVP
ranunculus_asiaticus,Ranunculus-type,Ranunculus-type,UPHE
centaurea_montana,Centaurea cyanus-type,Centaurea cyanus-type,UPHE
centaurea_montana_type,Centaurea cyanus-type,Centaurea cyanus-type,UPHE
polygonum_oxyspermum,Polygonum-type (tricolporate),Polygonum-type (tricolporate),UPHE
polygonum_oxyspermum_type,Polygonum-type (tricolporate),Polygonum-type (tricolporate),UPHE
bistorta_officinalis,Polygonum-type (tricolporate),Polygonum-type (tricolporate),UPHE
polygonum_bistorta,Polygonum-type (tricolporate),Polygonum-type (tricolporate),UPHE
fallopia_type,Polygonum-type (tricolporate),Polygonum-type (tricolporate),UPHE
fallopia,Polygonum-type (tricolporate),Polygonum-type (tricolporate),UPHE
polygonum_cognatum,Polygonum-type (tricolporate),Polygonum-type (tricolporate),UPHE
pleurospermum,Apiaceae,Apiaceae,UPHE
pleurospermum_type,Apiaceae,Apiaceae,UPHE
daucus_carota,Apiaceae,Apiaceae,UPHE
daucus,Apiaceae,Apiaceae,UPHE
oenanthe_fistulosa_type,Apiaceae,Apiaceae,UPHE
oenanthe,Apiaceae,Apiaceae,UPHE
silaum_silaus_type,Apiaceae,Apiaceae,UPHE
silaum_silaus,Apiaceae,Apiaceae,UPHE
anisosciadium,Apiaceae,Apiaceae,UPHE
angelica_archangelica_type,Apiaceae,Apiaceae,UPHE
angelica_archangelica,Apiaceae,Apiaceae,UPHE
angelica_palustris_type,Apiaceae,Apiaceae,UPHE
angelica_palustris,Apiaceae,Apiaceae,UPHE
turgenia,Apiaceae,Apiaceae,UPHE
turgenia_latifolia,Apiaceae,Apiaceae,UPHE
scandix,Apiaceae,Apiaceae,UPHE
scandix_pecten_minus_veneris_caucalis_platycarpos,Apiaceae,Apiaceae,UPHE
mercurialis_perennis_type,Mercurialis,Mercurialis,UPHE
doronicum,Compositae subfam. Asteroideae,Compositae subfam. Asteroideae,UPHE
saussurea,Cynareae,Cynareae,UPHE
serratula,Cynareae,Cynareae,UPHE
saussurea_type,Cynareae,Cynareae,UPHE
chardinia_onopordon,Cynareae,Cynareae,UPHE
saxifraga_oppositifolia_type,Saxifraga,Saxifraga,UPHE
centaurium,Gentianaceae,Gentianaceae,UPHE
fraxinus_angustifolia_subsp_oxycarpa_type,Fraxinus,Fraxinus,TRSH
fraxinus_angustifolia,Fraxinus,Fraxinus,TRSH
acantholimon,Plumbaginaceae,Plumbaginaceae,UPHE
armeria_maritima_type,Plumbaginaceae,Plumbaginaceae,UPHE
limonium_vulgare_type,Plumbaginaceae,Plumbaginaceae,UPHE
armeria_type,Plumbaginaceae,Plumbaginaceae,UPHE
micranthes_nivalis_type,Saxifraga,Saxifraga,UPHE
saxifraga_stellaris_type,Saxifraga,Saxifraga,UPHE
galeopsis,Galeopsis/Ballota-type,Galeopsis/Ballota-type,UPHE
galeopsis_type,Galeopsis/Ballota-type,Galeopsis/Ballota-type,UPHE
ononis,Astragalus-type,Astragalus-type,UPHE
gentiana_nivalis,Gentianaceae,Gentianaceae,UPHE
gentiana_verna_type,Gentianaceae,Gentianaceae,UPHE
gentiana_verna,Gentianaceae,Gentianaceae,UPHE
gentianella_campestris_type,Gentianaceae,Gentianaceae,UPHE
viburnum_opulus_type,Viburnum,Viburnum,TRSH
viburnum_opulus_v_tinus,Viburnum,Viburnum,TRSH
glaux_maritima,Anagallis-type,Anagallis-type,UPHE
sambucus_nigra_s_racemosa,Sambucus,Sambucus,TRSH
primula_elatior_type,Primula,Primula,UPHE
primula_veris_type,Primula,Primula,UPHE
colchicum_type,Liliaceae-type,Liliaceae-type,UPHE
jasione,Campanulaceae,Campanulaceae,UPHE
jasione_montana_type,Campanulaceae,Campanulaceae,UPHE
minuartia_rubra_type,Caryophyllaceae (periporate excl. Paronychioideae),Caryophyllaceae (periporate excl. Paronychioideae),UPHE
minuartia_rubra_type_bufonia,Caryophyllaceae (periporate excl. Paronychioideae),Caryophyllaceae (periporate excl. Paronychioideae),UPHE
dianthus_superbus_type,Caryophyllaceae (periporate excl. Paronychioideae),Caryophyllaceae (periporate excl. Paronychioideae),UPHE
dianthus_type,Caryophyllaceae (periporate excl. Paronychioideae),Caryophyllaceae (periporate excl. Paronychioideae),UPHE
dianthus_petrorhaghia,Caryophyllaceae (periporate excl. Paronychioideae),Caryophyllaceae (periporate excl. Paronychioideae),UPHE
minuartia_type,Caryophyllaceae (periporate excl. Paronychioideae),Caryophyllaceae (periporate excl. Paronychioideae),UPHE
moehringia_type,Caryophyllaceae (periporate excl. Paronychioideae),Caryophyllaceae (periporate excl. Paronychioideae),UPHE
paronychia,Caryophyllaceae subfam. Paronychioideae,Caryophyllaceae subfam. Paronychioideae,UPHE
plantago_tenuiflora,Plantago,Plantago,UPHE
